{
  "overall": {
    "AP": 0.17263756008240255,
    "AP50": 0.36769198662154484,
    "AP75": 0.13333906772403126,
    "AP_small": 0.0,
    "AP_medium": 0.11114086871509751,
    "AP_large": 0.19247745631103602,
    "AR_max1": 0.2839833421470121,
    "AR_max10": 0.4266129032258064,
    "AR_max100": 0.5182938921205711,
    "AR_small": 0.0,
    "AR_medium": 0.44351851851851853,
    "AR_large": 0.5480698529411765
  },
  "per_category": {
    "ActiveTuberculosis": {
      "category_id": 1,
      "num_annotations": 248,
      "num_images": 164,
      "AP": 0.27718800145982797,
      "AP50": 0.5886377131822644,
      "AP75": 0.23001500552499918,
      "AP_small": 0.0,
      "AP_medium": 0.1324970280951413,
      "AP_large": 0.33177272797374097,
      "AR_max1": 0.30403225806451617,
      "AR_max10": 0.4532258064516129,
      "AR_max100": 0.5431451612903225,
      "AR_small": 0.0,
      "AR_medium": 0.4166666666666668,
      "AR_large": 0.5843749999999999
    },
    "ObsoletePulmonaryTuberculosis": {
      "category_id": 2,
      "num_annotations": 61,
      "num_images": 43,
      "AP": 0.06808711870497708,
      "AP50": 0.14674626006082533,
      "AP75": 0.03666312992306334,
      "AP_small": -1.0,
      "AP_medium": 0.08978470933505371,
      "AP_large": 0.053182184648331104,
      "AR_max1": 0.26393442622950813,
      "AR_max10": 0.39999999999999997,
      "AR_max100": 0.49344262295081964,
      "AR_small": -1.0,
      "AR_medium": 0.47037037037037044,
      "AR_large": 0.5117647058823529
    },
    "PulmonaryTuberculosis": {
      "category_id": 3,
      "num_annotations": 0,
      "num_images": 0,
      "AP": -1.0,
      "AP50": -1.0,
      "AP75": -1.0,
      "AP_small": -1.0,
      "AP_medium": -1.0,
      "AP_large": -1.0,
      "AR_max1": -1.0,
      "AR_max10": -1.0,
      "AR_max100": -1.0,
      "AR_small": -1.0,
      "AR_medium": -1.0,
      "AR_large": -1.0
    }
  }
}